{
    "controllers": {
        "@symfony/ux-chartjs": {
            "chart": {
                "enabled": true,
                "fetch": "eager"
            }
        },
        "@symfony/ux-lazy-image": {
            "lazy-image": {
                "enabled": true,
                "fetch": "eager"
            }
        },
        "@symfony/ux-live-component": {
            "live": {
                "enabled": true,
                "fetch": "eager",
                "autoimport": {
                    "@symfony/ux-live-component/dist/live.min.css": true
                }
            }
        },
        "@symfony/ux-turbo": {
            "turbo-core": {
                "enabled": true,
                "fetch": "eager"
            },
            "mercure-turbo-stream": {
                "enabled": false,
                "fetch": "eager"
            }
        }
    },
    "entrypoints": []
}
